idea,fold,task_id,arm,seen_auroc,novel_dev_auroc,seen_minus_novel_gap,gap_pp
01_crossed_existence_supervision,A1_action_01,01_A1_action_01_BCE_seed3407,BCE,0.8719061395049823,0.6276756756756756,0.2442304638293067,24.423046382930668
01_crossed_existence_supervision,A1_action_01,01_A1_action_01_BCE_pair_seed3407,BCE_pair,0.8734638874465297,0.6156756756756758,0.25778821177085387,25.778821177085387
01_crossed_existence_supervision,C1_composition_01,01_C1_composition_01_BCE_seed3407,BCE,0.8116505898805895,0.553557389937107,0.25809319994348245,25.809319994348247
01_crossed_existence_supervision,C1_composition_01,01_C1_composition_01_BCE_pair_seed3407,BCE_pair,0.8112202818517589,0.5546383647798742,0.2565819170718847,25.65819170718847
02_reference_centered_interaction,A1_action_01,02_A1_action_01_centered_repair1_seed3407,centered,0.6848527557302871,0.6811171171171172,0.003735638613169945,0.3735638613169945
02_reference_centered_interaction,A1_action_01,02_A1_action_01_raw_eval_reuse1_seed3407,raw,0.6773978191528818,0.6797837837837838,-0.0023859646309020155,-0.23859646309020155
02_reference_centered_interaction,C1_composition_01,02_C1_composition_01_centered_repair1_seed3407,centered,0.6175816688779718,0.5477594339622641,0.06982223491570771,6.982223491570771
02_reference_centered_interaction,C1_composition_01,02_C1_composition_01_raw_eval_reuse1_seed3407,raw,0.6128482805608347,0.5427476415094339,0.07010063905140085,7.010063905140084
04_query_marginal_matching,A1_action_01,04_A1_action_01_M0_natural_duplicate_seed3407,M0_natural_duplicate,0.872610835002349,0.616936936936937,0.2556738980654121,25.567389806541208
04_query_marginal_matching,A1_action_01,04_A1_action_01_M1_original_ratio_seed3407,M1_original_ratio,0.8731300843161981,0.6228828828828828,0.25024720143331525,25.024720143331525
04_query_marginal_matching,A1_action_01,04_A1_action_01_M2_balanced_query_seed3407,M2_balanced_query,0.855401429171921,0.6472432432432432,0.20815818592867774,20.815818592867775
04_query_marginal_matching,C1_composition_01,04_C1_composition_01_M0_natural_duplicate_seed3407,M0_natural_duplicate,0.809283895722021,0.5470715408805031,0.26221235484151784,26.221235484151784
04_query_marginal_matching,C1_composition_01,04_C1_composition_01_M1_original_ratio_seed3407,M1_original_ratio,0.808369491160756,0.5481525157232705,0.26021697543748545,26.021697543748544
04_query_marginal_matching,C1_composition_01,04_C1_composition_01_M2_balanced_query_seed3407,M2_balanced_query,0.8066482590454334,0.5498231132075472,0.2568251458378862,25.682514583788617
05_independent_compatibility_adapter,A1_action_01,05_A1_action_01_P_pooled_seed3407,P_pooled,0.8901169547264052,0.6706666666666665,0.21945028805973865,21.945028805973866
05_independent_compatibility_adapter,A1_action_01,05_A1_action_01_R_raw_sequence_seed3407,R_raw_sequence,0.8826249289122964,0.6335135135135135,0.2491114153987829,24.91114153987829
05_independent_compatibility_adapter,C1_composition_01,05_C1_composition_01_P_pooled_seed3407,P_pooled,0.8021180717419109,0.5528694968553459,0.24924857488656493,24.924857488656492
05_independent_compatibility_adapter,C1_composition_01,05_C1_composition_01_R_raw_sequence_seed3407,R_raw_sequence,0.8362498655287409,0.5924724842767296,0.24377738125201132,24.37773812520113
06_evidence_aware_mil_aggregation,A1_action_01,06_A1_action_01_A0_bag_BCE_seed3407,A0_bag_BCE,0.8864574833716587,0.6433513513513514,0.2431061320203074,24.31061320203074
06_evidence_aware_mil_aggregation,A1_action_01,06_A1_action_01_A2_verified_negative_local_seed3407,A2_verified_negative_local,0.8768142818287465,0.6346306306306306,0.2421836511981159,24.21836511981159
06_evidence_aware_mil_aggregation,C1_composition_01,06_C1_composition_01_A0_bag_BCE_seed3407,A0_bag_BCE,0.804986791934115,0.5492334905660377,0.2557533013680774,25.57533013680774
06_evidence_aware_mil_aggregation,C1_composition_01,06_C1_composition_01_A2_verified_negative_local_seed3407,A2_verified_negative_local,0.8093078017236228,0.5490369496855345,0.2602708520380883,26.02708520380883
07_compatibility_domain_generalization,A1_action_01,07_A1_action_01_B0_natural_pair_replay_seed3407,B0_natural_pair_replay,0.8782483989812823,0.7106666666666667,0.1675817323146156,16.75817323146156
07_compatibility_domain_generalization,A1_action_01,07_A1_action_01_B1_pair_ERM_seed3407,B1_pair_ERM,0.8705956531414585,0.7107027027027026,0.15989295043875584,15.989295043875584
07_compatibility_domain_generalization,C1_composition_01,07_C1_composition_01_B0_natural_pair_replay_seed3407,B0_natural_pair_replay,0.8504440539797516,0.5750786163522014,0.2753654376275503,27.536543762755027
07_compatibility_domain_generalization,C1_composition_01,07_C1_composition_01_B1_pair_ERM_seed3407,B1_pair_ERM,0.8540717897228098,0.5922759433962265,0.26179584632658337,26.179584632658337
